title,preview
Scientists Explore Outback as Testbed for Mars ,Australia provides a great place for NASA's Mars 2020 and the ESA-Roscosmos ExoMars scientists to hone techniques in preparation for searching for signs ancient life on Mars.
"New Selfie Shows Curiosity, the Mars Chemist",The NASA rover performed a special chemistry experiment at the location captured in its newest self-portrait.
NASA to Hold Mars 2020 Perseverance Rover Launch Briefing,Learn more about the agency's next Red Planet mission during a live event on June 17.
InSight's 'Mole' Team Peers into the Pit,Efforts to save the heat probe continue.
NASA's New Mars Rover Will Use X-Rays to Hunt Fossils,"PIXL, an instrument on the end of the Perseverance rover's arm, will search for chemical fingerprints left by ancient microbes."
NASA Invites Students to Name Mars 2020 Rover,"Through Nov. 1, K-12 students in the U.S. are encouraged to enter an essay contest to name NASA's next Mars rover."
HiRISE Views NASA's InSight and Curiosity on Mars,New images taken from space offer the clearest orbital glimpse yet of InSight as well as a view of Curiosity rolling along.
How NASA's Perseverance Mars Team Adjusted to Work in the Time of Coronavirus ,"Like much of the rest of the world, the Mars rover team is pushing forward with its mission-critical work while putting the health and safety of their colleagues and community first."
Mars Is Getting a New Robotic Meteorologist,Sensors on NASA's Perseverance will help prepare for future human exploration by taking weather measurements and studying dust particles.
NASA's Mars 2020 Rover Goes Coast-to-Coast to Prep for Launch,The agency's first step in returning rocks from Mars just arrived at Kennedy Space Center. The Mars 2020 team now begins readying for a launch to the Red Planet this July.
NASA's Perseverance Rover Attached to Atlas V Rocket,"Ready for its launch later in the month, the Mars-bound rover will touch terra firma no more."
AI Is Helping Scientists Discover Fresh Craters on Mars,It's the first time machine learning has been used to find previously unknown craters on the Red Planet.
NASA Invites Public to Share Excitement of Mars 2020 Perseverance Rover Launch,"There are lots of ways to participate in the historic event, which is targeted for July 30."
NASA's InSight Flexes Its Arm While Its 'Mole' Hits Pause,"Now that the lander's robotic arm has helped the mole get underground, it will resume science activities that have been on hold."
NASA's Curiosity Takes Selfie With 'Mary Anning' on the Red Planet,The Mars rover has drilled three samples of rock in this clay-enriched region since arriving in July.
